Suite/Test/Step Name,Browser,Description,Tag,Start time,End time,Duration,Status
Assign Employee,Edge Chromium 131,,,11-12-2024 21:26:33,11-12-2024 21:28:05,1m - 31.961s,PASSED
,,,,,,,
Test Cases/HRPM/TC02 - Assign Employee,Edge Chromium 131,,,11-12-2024 21:26:33,11-12-2024 21:28:05,1m - 31.667s,PASSED
Start listener action : beforeTestCase,Edge Chromium 131,,,11-12-2024 21:26:33,11-12-2024 21:26:33,0.027s,PASSED
"openBrowser("""")",Edge Chromium 131,,,11-12-2024 21:26:33,11-12-2024 21:26:38,4.309s,PASSED
maximizeWindow(),Edge Chromium 131,,,11-12-2024 21:26:38,11-12-2024 21:26:38,0.103s,PASSED
"navigateToUrl(""http://192.168.1.90:8083/login"")",Edge Chromium 131,,,11-12-2024 21:26:38,11-12-2024 21:26:42,4.328s,PASSED
"setText(findTestObject(""Object Repository/HRPM/HRPM - Assign Employee/Page_HRPM - HR Performance Management/input_Please Sign in to continue to HRPM_username""), ""adminhr"")",Edge Chromium 131,,,11-12-2024 21:26:42,11-12-2024 21:26:43,0.849s,PASSED
"setEncryptedText(findTestObject(""Object Repository/HRPM/HRPM - Assign Employee/Page_HRPM - HR Performance Management/input_Please Sign in to continue to HRPM_password""), ""iFGeFYmXIrUhQZHvW7P22w=="")",Edge Chromium 131,,,11-12-2024 21:26:43,11-12-2024 21:26:43,0.436s,PASSED
"click(findTestObject(""Object Repository/HRPM/HRPM - Assign Employee/Page_HRPM - HR Performance Management/button_Login""))",Edge Chromium 131,,,11-12-2024 21:26:43,11-12-2024 21:26:44,0.371s,PASSED
"click(findTestObject(""Object Repository/HRPM/HRPM - Assign Employee/Page_GLOBAL/path""))",Edge Chromium 131,,,11-12-2024 21:26:44,11-12-2024 21:26:56,11.919s,PASSED
"click(findTestObject(""Object Repository/HRPM/HRPM - Assign Employee/Page_GLOBAL/div_HR Module""))",Edge Chromium 131,,,11-12-2024 21:26:56,11-12-2024 21:26:56,0.815s,PASSED
"click(findTestObject(""Object Repository/HRPM/HRPM - Assign Employee/Page_HR/span_Administration""))",Edge Chromium 131,,,11-12-2024 21:26:56,11-12-2024 21:26:57,0.633s,PASSED
"click(findTestObject(""Object Repository/HRPM/HRPM - Assign Employee/Page_HR/span_Assign Employee""))",Edge Chromium 131,,,11-12-2024 21:26:57,11-12-2024 21:26:58,0.615s,PASSED
delay(8),Edge Chromium 131,,,11-12-2024 21:26:58,11-12-2024 21:27:06,8.037s,PASSED
"click(findTestObject(""HRPM/HRPM - Assign Employee/Page_HR/Page_HR/button_Level_ant-btn css-kd7ytk ant-btn-text ant-btn-sm""))",Edge Chromium 131,,,11-12-2024 21:27:06,11-12-2024 21:27:06,0.442s,PASSED
"scrollToElement(findTestObject(""HRPM/HRPM - Assign Employee/Page_HR/Page_HR/input_Unassigned Employees_ant-input css-kd7ytk ant-input-outlined""), 0)",Edge Chromium 131,,,11-12-2024 21:27:06,11-12-2024 21:27:24,17.926s,PASSED
delay(10),Edge Chromium 131,,,11-12-2024 21:27:24,11-12-2024 21:27:34,10.007s,PASSED
"sendKeys(findTestObject(""HRPM/HRPM - Assign Employee/Page_HR/Page_HR/input_Unassigned Employees_ant-input css-kd7ytk ant-input-outlined""), ""Fauzan Ahmat Rahmawan"")",Edge Chromium 131,,,11-12-2024 21:27:34,11-12-2024 21:27:35,1.060s,PASSED
"scrollToElement(findTestObject(""HRPM/HRPM - Assign Employee/Page_HR/Page_HR/input_Action_ant-checkbox-input""), 0)",Edge Chromium 131,,,11-12-2024 21:27:35,11-12-2024 21:27:35,0.273s,PASSED
"click(findTestObject(""HRPM/HRPM - Assign Employee/Page_HR/Page_HR/input_Action_ant-checkbox-input""))",Edge Chromium 131,,,11-12-2024 21:27:35,11-12-2024 21:27:36,0.392s,PASSED
"click(findTestObject(""HRPM/HRPM - Assign Employee/Page_HR/Page_HR/button_PSD - Presales  Delivery_ant-btn css-kd7ytk ant-btn-primary ant-btn-sm""))",Edge Chromium 131,,,11-12-2024 21:27:36,11-12-2024 21:27:36,0.613s,PASSED
"sendKeys(findTestObject(""HRPM/HRPM - Assign Employee/Page_HR/input_PSD - Presales  Delivery_rc_select_11""), ""Hilmunshah anka"")",Edge Chromium 131,,,11-12-2024 21:27:36,11-12-2024 21:27:43,6.511s,PASSED
"sendKeys(findTestObject(""HRPM/HRPM - Assign Employee/Page_HR/input_PSD - Presales  Delivery_rc_select_11""), Keys.chord(ENTER))",Edge Chromium 131,,,11-12-2024 21:27:43,11-12-2024 21:27:50,6.615s,PASSED
"click(findTestObject(""HRPM/HRPM - Assign Employee/Page_HR/Page_HR/div_HR  Administration  Competencies  Assign Employee_ant-float-btn-body""), STOP_ON_FAILURE)",Edge Chromium 131,,,11-12-2024 21:27:50,11-12-2024 21:27:50,0.592s,PASSED
delay(4),Edge Chromium 131,,,11-12-2024 21:27:50,11-12-2024 21:27:54,4.004s,PASSED
"click(findTestObject(""HRPM/HRPM - Assign Employee/Page_HR/span_Submit""))",Edge Chromium 131,,,11-12-2024 21:27:54,11-12-2024 21:27:55,0.517s,PASSED
"sendKeys(findTestObject(""HRPM/HRPM - Assign Employee/Page_HR/Page_HR/textarea_Please leave a notes before submit_confirmation-form_confirmationNotes""), ""OK"")",Edge Chromium 131,,,11-12-2024 21:27:55,11-12-2024 21:27:56,0.955s,PASSED
"click(findTestObject(""HRPM/HRPM - Assign Employee/Page_HR/Page_HR/button_Confirm""))",Edge Chromium 131,,,11-12-2024 21:27:56,11-12-2024 21:27:56,0.572s,PASSED
delay(4),Edge Chromium 131,,,11-12-2024 21:27:56,11-12-2024 21:28:00,4.005s,PASSED
"click(findTestObject(""HRPM/HRPM - Assign Employee/Page_HR/Page_HR/div_adminhr""))",Edge Chromium 131,,,11-12-2024 21:28:00,11-12-2024 21:28:03,2.310s,PASSED
"click(findTestObject(""HRPM/HRPM - Assign Employee/Page_HR/Page_HR/div_Log Out""))",Edge Chromium 131,,,11-12-2024 21:28:03,11-12-2024 21:28:04,1.066s,PASSED
"click(findTestObject(""HRPM/HRPM - Assign Employee/Page_HR/Page_HR/button_Login page""))",Edge Chromium 131,,,11-12-2024 21:28:04,11-12-2024 21:28:05,1.162s,PASSED
Start listener action : sampleAfterTestCase,Edge Chromium 131,,,11-12-2024 21:28:05,11-12-2024 21:28:05,0.010s,PASSED
