Suite/Test/Step Name,Browser,Description,Tag,Start time,End time,Duration,Status
Login,Edge Chromium 131,,,11-12-2024 12:53:05,11-12-2024 12:53:29,23.645s,PASSED
,,,,,,,
Test Cases/HRPM/TC01 - Login,Edge Chromium 131,,,11-12-2024 12:53:06,11-12-2024 12:53:29,23.212s,PASSED
Start listener action : beforeTestCase,Edge Chromium 131,,,11-12-2024 12:53:06,11-12-2024 12:53:06,0.045s,PASSED
"openBrowser("""")",Edge Chromium 131,,,11-12-2024 12:53:06,11-12-2024 12:53:11,4.874s,PASSED
"navigateToUrl(""http://192.168.1.90:8083/login"")",Edge Chromium 131,,,11-12-2024 12:53:11,11-12-2024 12:53:16,4.679s,PASSED
"setText(findTestObject(""Object Repository/HRPM/Page_HRPM - HR Performance Management/input_Please Sign in to continue to HRPM_username""), ""admin"")",Edge Chromium 131,,,11-12-2024 12:53:16,11-12-2024 12:53:17,1.182s,PASSED
"setEncryptedText(findTestObject(""Object Repository/HRPM/Page_HRPM - HR Performance Management/input_Please Sign in to continue to HRPM_password""), ""iFGeFYmXIrUhQZHvW7P22w=="")",Edge Chromium 131,,,11-12-2024 12:53:17,11-12-2024 12:53:18,0.822s,PASSED
"click(findTestObject(""Object Repository/HRPM/Page_HRPM - HR Performance Management/span_Login""))",Edge Chromium 131,,,11-12-2024 12:53:18,11-12-2024 12:53:23,5.121s,PASSED
"click(findTestObject(""HRPM/Page_GLOBAL/span_Administrator""))",Edge Chromium 131,,,11-12-2024 12:53:23,11-12-2024 12:53:25,2.435s,PASSED
"click(findTestObject(""HRPM/Page_GLOBAL/span_Log Out""))",Edge Chromium 131,,,11-12-2024 12:53:25,11-12-2024 12:53:27,1.355s,PASSED
"click(findTestObject(""HRPM/Page_GLOBAL/button_Login page""))",Edge Chromium 131,,,11-12-2024 12:53:27,11-12-2024 12:53:28,1.084s,PASSED
Start listener action : sampleAfterTestCase,Edge Chromium 131,,,11-12-2024 12:53:28,11-12-2024 12:53:29,1.406s,PASSED
