[
  {
    "line": 1,
    "elements": [
      {
        "line": 4,
        "name": "login",
        "description": "",
        "id": "login;login",
        "type": "scenario",
        "keyword": "Scenario",
        "steps": [
          {
            "result": {
              "duration": 10176852500,
              "status": "passed"
            },
            "line": 5,
            "name": "User Access URL",
            "match": {
              "location": "login.AccessURL()"
            },
            "keyword": "Given "
          },
          {
            "result": {
              "duration": 1657850200,
              "status": "passed"
            },
            "line": 6,
            "name": "User Input Valid Credentials",
            "match": {
              "location": "login.InputCredentials()"
            },
            "keyword": "When "
          },
          {
            "result": {
              "duration": 649017200,
              "status": "passed"
            },
            "line": 7,
            "name": "User Click Button Login",
            "match": {
              "location": "login.Kliklogin()"
            },
            "keyword": "And "
          },
          {
            "result": {
              "duration": 3861087700,
              "status": "passed"
            },
            "line": 8,
            "name": "Showing ARRA dashboard",
            "match": {
              "location": "login.ARRAdashboard()"
            },
            "keyword": "Then "
          }
        ]
      }
    ],
    "name": "login",
    "description": "  I want to use this template for my feature file",
    "id": "login",
    "keyword": "Feature",
    "uri": "C:/Users/batm/Katalon Studio/Katalon BDD/Include/features/Login.feature",
    "tags": []
  }
]