[
  {
    "line": 1,
    "elements": [
      {
        "BDD_TESTRUN_UUID": "a02a6d12-9d74-41ed-b239-da03e62467d1",
        "line": 4,
        "name": "login",
        "description": "",
        "id": "login;login",
        "type": "scenario",
        "keyword": "Scenario",
        "steps": [
          {
            "result": {
              "duration": 10176852500,
              "status": "passed"
            },
            "line": 5,
            "name": "User Access URL",
            "match": {
              "location": "login.AccessURL()"
            },
            "keyword": "Given ",
            "BDD_STEP_UUID": "07925a89-eeea-4c23-bb06-755878af77f5"
          },
          {
            "result": {
              "duration": 1657850200,
              "status": "passed"
            },
            "line": 6,
            "name": "User Input Valid Credentials",
            "match": {
              "location": "login.InputCredentials()"
            },
            "keyword": "When ",
            "BDD_STEP_UUID": "097ef54a-be10-4e0e-8407-e4714368fba9"
          },
          {
            "result": {
              "duration": 649017200,
              "status": "passed"
            },
            "line": 7,
            "name": "User Click Button Login",
            "match": {
              "location": "login.Kliklogin()"
            },
            "keyword": "And ",
            "BDD_STEP_UUID": "5669bf12-990e-40e8-8279-d25e42d43788"
          },
          {
            "result": {
              "duration": 3861087700,
              "status": "passed"
            },
            "line": 8,
            "name": "Showing ARRA dashboard",
            "match": {
              "location": "login.ARRAdashboard()"
            },
            "keyword": "Then ",
            "BDD_STEP_UUID": "3ea40da0-e224-4882-ac61-1a56a2e6da23"
          }
        ]
      }
    ],
    "name": "login",
    "description": "  I want to use this template for my feature file",
    "id": "login",
    "keyword": "Feature",
    "uri": "C:/Users/batm/Katalon Studio/Katalon BDD/Include/features/Login.feature",
    "tags": []
  }
]