Suite/Test/Step Name,Browser,Description,Tag,Start time,End time,Duration,Status
Login,Chrome 131.0.0.0,,,06-12-2024 22:38:00,06-12-2024 22:38:20,20.371s,PASSED
,,,,,,,
Test Cases/TestBDD,Chrome 131.0.0.0,,,06-12-2024 22:38:01,06-12-2024 22:38:20,19.186s,PASSED
Start listener action : beforeTestCase,Chrome 131.0.0.0,,,06-12-2024 22:38:01,06-12-2024 22:38:01,0.164s,PASSED
"runFeatureFile(""Include/features/Login.feature"")",Chrome 131.0.0.0,,,06-12-2024 22:38:02,06-12-2024 22:38:20,18.622s,PASSED
Start listener action : sampleAfterTestCase,Chrome 131.0.0.0,,,06-12-2024 22:38:20,06-12-2024 22:38:20,0.024s,PASSED
